employee_id,fname,lname,email,gender,city,country
1,Kaitlynn,Imeson,kimeson0@ucoz.ru,Female,Amieira,PT
2,Darlene,Leele,dleele1@businesswire.com,Female,,
3,Katee,Tatlowe,ktatlowe2@posterous.com,Female,Veiga,PT
4,Micky,Bohan,mbohan3@meetup.com,Female,Foros do Trapo,PT
5,Desmund,Barfoot,dbarfoot4@sphinn.com,Male,Sabugo,PT
6,Winnie,Bampton,wbampton5@eepurl.com,Female,,
7,Isacco,Partridge,ipartridge6@taobao.com,Male,Rive-de-Gier,FR
8,Paulette,Huburn,phuburn7@wiley.com,,,
9,Deerdre,Baumer,dbaumer8@4shared.com,Female,,
10,Kaleena,Kehir,kkehir9@businessinsider.com,Female,Reinaldes,PT
11,Gayle,Dray,gdraya@about.me,Female,,
12,Oriana,Kaspar,okasparb@google.com.au,,Paris 16,FR
13,Buckie,Goldston,bgoldstonc@cbsnews.com,Male,,
14,Nester,Garrish,ngarrishd@51.la,Male,Malaga,ES
15,Ram,Hatton,rhattone@wp.com,Male,,
16,Ali,Molohan,amolohanf@miibeian.gov.cn,,Lanhas,PT
17,Kym,Waggett,kwaggettg@naver.com,Female,,
18,Bond,McCluney,bmccluneyh@miitbeian.gov.cn,Male,,
19,Tobin,Gaynes,tgaynesi@google.es,Male,Costa Nova do Prado,PT
20,Stafford,Elder,selderj@apple.com,Male,,
21,Anett,Conrart,aconrartk@umn.edu,Female,Venda,PT
22,Berky,Letten,blettenl@prnewswire.com,Male,Labège,FR
23,Aloysius,Lovewell,alovewellm@usgs.gov,,,
24,Sarge,Chorley,schorleyn@homestead.com,Male,Santo Amaro,PT
25,Gaye,Holbarrow,gholbarrowo@pen.io,Female,Dortmund,DE
26,Cullie,Renard,crenardp@google.com.hk,Male,Igreja,PT
27,Elmer,Darling,edarlingq@google.co.jp,Male,Béziers,FR
28,Cheri,Bavidge,cbavidger@weather.com,Female,Alcanhões,PT
29,Latrina,Benaine,lbenaines@barnesandnoble.com,Female,Chão,PT
30,Webb,Jayume,wjayumet@google.co.uk,Male,Valladolid,ES
31,Claudio,Trelease,ctreleaseu@drupal.org,Male,Marseille,FR
32,Gayla,Greenside,ggreensidev@cam.ac.uk,Female,Santa Cruz das Flores,PT
33,Lazar,O' Sullivan,losullivanw@nba.com,Male,Poitiers,FR
34,Melany,Ingleston,minglestonx@paypal.com,Female,Souto,PT
35,Sheri,Burcombe,sburcombey@nydailynews.com,,Odrinhas,PT
36,Alix,Stembridge,astembridgez@example.com,Male,,
37,Oliviero,Cradey,ocradey10@ucoz.com,Male,Cabeças Verdes,PT
38,Daphne,Glayzer,dglayzer11@is.gd,Female,Sebadelhe,PT
39,Dinny,Duffil,dduffil12@nifty.com,Female,Póvoa,PT
40,Quinta,Scadding,qscadding13@google.it,,Valencia,ES
41,Janetta,Sansum,jsansum14@paginegialle.it,Female,Massy,FR
42,Kamillah,Elderkin,kelderkin15@mayoclinic.com,Female,Boulogne-Billancourt,FR
43,Lancelot,Kemitt,lkemitt16@tuttocitta.it,Male,Bernay,FR
44,Raoul,Bratch,rbratch17@ask.com,Male,,
45,Chicky,Kinchin,ckinchin18@acquirethisname.com,Male,Parada de Todeia,PT
46,Renell,Lutsch,rlutsch19@yolasite.com,Female,Hagondange,FR
47,Reuben,Hollibone,rhollibone1a@naver.com,,Poissy,FR
48,Erda,O'Hearn,eohearn1b@cpanel.net,,,
49,Katy,Bradmore,kbradmore1c@gov.uk,Female,Avignon,FR
50,Amata,Sandry,asandry1d@house.gov,Female,Hamburg,DE
51,Zsa zsa,Leipnik,zleipnik1e@freewebs.com,Female,Whitwell,GB
52,Arabel,Humerstone,ahumerstone1f@vimeo.com,Female,Teruel,ES
53,Missie,Hutt,mhutt1g@ezinearticles.com,,,
54,Bernadina,Dunkirk,bdunkirk1h@google.ca,Female,,
55,Ysabel,Stoakley,ystoakley1i@msn.com,Female,,
56,Goddart,Newlands,gnewlands1j@ibm.com,Male,Aubervilliers,FR
57,Worth,Jebb,wjebb1k@redcross.org,Male,Rennes,FR
58,Doris,Tailour,dtailour1l@npr.org,Female,,
59,Haslett,McGreay,hmcgreay1m@baidu.com,,,
60,Gerrie,Guarnier,gguarnier1n@over-blog.com,Male,Penelas,PT
61,Chanda,Douch,cdouch1o@taobao.com,Female,,
62,Mercy,Hindhaugh,mhindhaugh1p@artisteer.com,Female,Cruzeiro,PT
63,Virgina,Leversha,vleversha1q@harvard.edu,Female,São Vicente de Ferreira,PT
64,Sasha,Papen,spapen1r@drupal.org,Male,Lamarosa,PT
65,Sigfrid,Cusick,scusick1s@technorati.com,,Créteil,FR
66,Vaughan,Schimpke,vschimpke1t@patch.com,,,
67,Phillie,Wilkes,pwilkes1u@blogs.com,Female,Lyon,FR
68,Samson,Bullion,sbullion1v@youtube.com,Male,Valence,FR
69,Shurlocke,Cavil,scavil1w@cpanel.net,Male,Annecy,FR
70,Jarrid,Fossey,jfossey1x@storify.com,Male,Vitrolles,FR
71,Karalynn,Higgonet,khiggonet1y@tiny.cc,Female,Ashley,GB
72,Ignaz,Clampe,iclampe1z@sun.com,Male,Brescia,IT
73,Tommie,Corroyer,tcorroyer20@bigcartel.com,Female,Casa Nova,PT
74,Clemmie,Collabine,ccollabine21@admin.ch,Male,,
75,Rufus,Jeremiah,rjeremiah22@cdc.gov,,Lugar Novo,PT
76,Margarette,Roussell,mroussell23@de.vu,Female,Tomar,PT
77,Olin,Glowacha,oglowacha24@goodreads.com,Male,Azeitão,PT
78,Ezra,McKinn,emckinn25@harvard.edu,Male,,
79,Lewiss,Philpot,lphilpot26@flickr.com,Male,,
80,Jourdan,Fairnie,jfairnie27@people.com.cn,Female,Celeirós,PT
81,Neila,Hapgood,nhapgood28@nasa.gov,,Guéret,FR
82,Derk,Swatman,dswatman29@posterous.com,Male,,
83,Bern,Nore,bnore2a@geocities.com,,Quarteira,PT
84,Rudolfo,Pietroni,rpietroni2b@cbslocal.com,Male,,
85,Skipper,Asquith,sasquith2c@canalblog.com,Male,Newbiggin,GB
86,Raimundo,Petti,rpetti2d@npr.org,Male,Montpellier,FR
87,Hilario,Menham,hmenham2e@yellowbook.com,Male,,
88,Paula,Challen,pchallen2f@yahoo.com,,Paris 13,FR
89,Cariotta,McFeat,cmcfeat2g@army.mil,Female,Lamas,PT
90,Alanna,Coolahan,acoolahan2h@ask.com,Female,Mende,FR
91,Patrizio,Bostick,pbostick2i@paypal.com,Male,Vila Alva,PT
92,Ruprecht,Attfield,rattfield2j@ycombinator.com,Male,Digne-les-Bains,FR
93,Briant,Burthom,bburthom2k@oakley.com,,Bourges,FR
94,Corey,Wilding,cwilding2l@joomla.org,Male,Madrid,ES
95,Rosemaria,Boothby,rboothby2m@kickstarter.com,Female,Étampes,FR
96,Hillard,Braysher,hbraysher2n@uiuc.edu,Male,,
97,Hertha,Betteriss,hbetteriss2o@scientificamerican.com,Female,Murça,PT
98,Novelia,Trayes,ntrayes2p@boston.com,Female,Frankfurt am Main,DE
99,Felicle,Howen,fhowen2q@bloglines.com,Female,Rouen,FR
100,Aleta,Vedeneev,avedeneev2r@reference.com,,Pamplona/Iruña,ES
101,Walden,Akast,wakast2s@scribd.com,Male,Saint-Brieuc,FR
102,Sullivan,Castell,scastell2t@gizmodo.com,Male,Paris 13,FR
103,Winfield,Amdohr,wamdohr2u@slate.com,Male,Mönchengladbach,DE
104,Trstram,Powys,tpowys2v@nyu.edu,Male,Fontinha,PT
105,Dusty,Prenty,dprenty2w@tinypic.com,Female,Arnelas,PT
106,Burg,Ebbutt,bebbutt2x@unblog.fr,,Mouriscas,PT
107,Giralda,Bedham,gbedham2y@cbc.ca,Female,Strasbourg,FR
108,Sophi,Look,slook2z@shop-pro.jp,,Verona,IT
109,Maddie,Lucia,mlucia30@naver.com,,,
110,Rudie,Caldecott,rcaldecott31@abc.net.au,Male,Saintes,FR
111,Horatia,Elcomb,helcomb32@army.mil,Female,Montreuil,FR
112,Noble,Han,nhan33@issuu.com,,Casa Nova,PT
113,Matty,Brundell,mbrundell34@cyberchimps.com,Male,Amiens,FR
114,Sammie,Coster,scoster35@youku.com,Male,Venda,PT
115,Kingsly,Wittey,kwittey36@dailymail.co.uk,,Tamel,PT
116,Candida,Cobello,ccobello37@scribd.com,Female,Ford,GB
117,Zelig,Turnell,zturnell38@craigslist.org,Male,Ribeira,PT
118,Allissa,Fierro,afierro39@issuu.com,Female,Novais,PT
119,Zena,Wooding,zwooding3a@paginegialle.it,Female,Newtown,GB
120,Rebecka,Genty,rgenty3b@com.com,Female,Coja,PT
121,Rem,Ambrus,rambrus3c@un.org,Male,Almoínhas Velhas,PT
122,Duke,Kemitt,dkemitt3d@skyrock.com,Male,,
123,Quinta,Surridge,qsurridge3e@utexas.edu,Female,Manique,PT
124,Margaret,Eyckelbeck,meyckelbeck3f@storify.com,Female,,
125,Drugi,Spaldin,dspaldin3g@ocn.ne.jp,Male,Noisy-le-Grand,FR
126,Bobby,Rosedale,brosedale3h@google.es,Male,,
127,Blondie,Blaes,bblaes3i@godaddy.com,Female,Valtelheiro,PT
128,Agnes,Corking,acorking3j@liveinternet.ru,Female,Strasbourg,FR
129,Willey,Goncaves,wgoncaves3k@msu.edu,Male,Montluçon,FR
130,Sharon,Gosnold,sgosnold3l@biblegateway.com,Female,Ribeiro,PT
131,Lee,Beddo,lbeddo3m@fc2.com,Female,Viana do Castelo,PT
132,Vergil,Clougher,vclougher3n@xing.com,Male,Alvaiázere,PT
133,Imojean,Rattry,irattry3o@histats.com,,Saint-Étienne,FR
134,Spense,Timny,stimny3p@exblog.jp,Male,Ribeirinha,PT
135,Augustin,Burder,aburder3q@gmpg.org,,Midões,PT
136,Latisha,Springham,lspringham3r@marketwatch.com,Female,Paris 04,FR
137,Sabra,Mulryan,smulryan3s@taobao.com,Female,Sebadelhe,PT
138,Fulton,Gerald,fgerald3t@xing.com,Male,,
139,Vassili,D'eathe,vdeathe3u@ft.com,Male,Castêlo,PT
140,Ephrem,Thomel,ethomel3v@sbwire.com,Male,Villefranche-sur-Mer,FR
141,Allin,Ferrario,aferrario3w@deliciousdays.com,Male,,
142,Fee,Zucker,fzucker3x@discuz.net,Male,,
143,Robin,Bence,rbence3y@technorati.com,,Montbéliard,FR
144,Ami,Yarrell,ayarrell3z@arstechnica.com,,Ribaldeira,PT
145,Byram,Arnault,barnault40@cdbaby.com,Male,Paris 11,FR
146,Nigel,Dainter,ndainter41@berkeley.edu,Male,Wuppertal,DE
147,Nesta,Guilloneau,nguilloneau42@multiply.com,,Conqueiros,PT
148,Sandra,Bolzen,sbolzen43@prnewswire.com,Female,,
149,Lucio,Antoniewicz,lantoniewicz44@barnesandnoble.com,Male,Madrid,ES
150,Nicko,Edson,nedson45@odnoklassniki.ru,Male,Barra Cheia,PT
151,Estele,Zannotelli,ezannotelli46@cocolog-nifty.com,Female,Foros do Trapo,PT
152,Ancell,Plaskitt,aplaskitt47@cmu.edu,Male,Wetzlar,DE
153,Colby,Christopherson,cchristopherson48@bloglines.com,Male,Bologna,IT
154,Leelah,Manchett,lmanchett49@alibaba.com,Female,,
155,Jeromy,Bladon,jbladon4a@illinois.edu,Male,Antony,FR
156,Viola,Crotch,vcrotch4b@fc2.com,Female,Faro,PT
157,Egbert,Scourfield,escourfield4c@blog.com,Male,Vilela,PT
158,Agna,Stienton,astienton4d@technorati.com,,Millau,FR
159,Janella,Doull,jdoull4e@geocities.com,Female,,
160,Annabela,Edmonston,aedmonston4f@wired.com,Female,Quintã,PT
161,Dwain,Martinovsky,dmartinovsky4g@youtu.be,Male,,
162,Caesar,Westrope,cwestrope4h@studiopress.com,Male,Quimperlé,FR
163,Paxton,Batterton,pbatterton4i@tinyurl.com,Male,Ribeira das Taínhas,PT
164,Jeannine,Loody,jloody4j@paginegialle.it,Female,Pereira,PT
165,Clovis,O'Dowgaine,codowgaine4k@nih.gov,Female,,
166,Errol,De Domenicis,ededomenicis4l@forbes.com,Male,,
167,Kin,McGreil,kmcgreil4m@irs.gov,Male,,
168,Julietta,Gonnely,jgonnely4n@jiathis.com,Female,Dieppe,FR
169,Bliss,Oxborrow,boxborrow4o@sciencedaily.com,Female,Argentan,FR
170,Wileen,Duberry,wduberry4p@nhs.uk,Female,Calheta de Nesquim,PT
171,Karmen,Dows,kdows4q@nhs.uk,Female,Sobreda,PT
172,Bartlet,Sturror,bsturror4r@ustream.tv,Male,,
173,Humberto,Issard,hissard4s@ucoz.com,Male,Duisburg,DE
174,Cecil,Jameson,cjameson4t@msu.edu,Female,,
175,Ernaline,Silk,esilk4u@homestead.com,Female,Rennes,FR
176,Hank,Lymer,hlymer4v@yellowpages.com,Male,Paris 12,FR
177,Verena,Fooks,vfooks4w@nbcnews.com,Female,Zambujeira do Mar,PT
178,Gretta,Blodg,gblodg4x@over-blog.com,Female,Boavista,PT
179,Bonny,Reek,breek4y@cnbc.com,,Troyes,FR
180,Crystie,Durnall,cdurnall4z@webnode.com,Female,Vallauris,FR
181,Lisette,Ladley,lladley50@theguardian.com,Female,Reims,FR
182,Otha,Shevlan,oshevlan51@businessinsider.com,Female,São Mamede de Infesta,PT
183,Vanni,Cressy,vcressy52@nymag.com,,,
184,Susi,Whistance,swhistance53@businesswire.com,Female,Rouen,FR
185,Tomas,Schrei,tschrei54@drupal.org,Male,,
186,Cy,McSparran,cmcsparran55@hhs.gov,Male,Bonneuil-sur-Marne,FR
187,Sarita,Axtell,saxtell56@pinterest.com,Female,,
188,Bambi,Markus,bmarkus57@studiopress.com,Female,Viana do Alentejo,PT
189,Marthena,Bardsley,mbardsley58@homestead.com,Female,Chã,PT
190,Sidnee,Chatelot,schatelot59@pcworld.com,Male,,
191,Traver,Sherr,tsherr5a@vinaora.com,Male,,
192,Deloria,Tesh,dtesh5b@tamu.edu,Female,Bouças,PT
193,Ashely,Manby,amanby5c@cnn.com,Female,Roubaix,FR
194,Daria,Jarratt,djarratt5d@oracle.com,,Charenton-le-Pont,FR
195,Vanda,Godsal,vgodsal5e@java.com,Female,Aviles,ES
196,Viole,Klasing,vklasing5f@nydailynews.com,,,
197,Bernard,Treleven,btreleven5g@cbslocal.com,,,
198,Lynea,McGinlay,lmcginlay5h@chronoengine.com,Female,Paris 07,FR
199,Valli,Itzkovici,vitzkovici5i@fastcompany.com,Female,,
200,Gerta,Frome,gfrome5j@networkadvertising.org,Female,Aix-en-Provence,FR
201,Fifi,Leys,fleys5k@craigslist.org,Female,Issy-les-Moulineaux,FR
202,Kristin,Oag,koag5l@123-reg.co.uk,Female,,
203,Herta,Meaders,hmeaders5m@forbes.com,,Chãos,PT
204,Leeland,Hungerford,lhungerford5n@cisco.com,Male,Igreja,PT
205,Fionnula,Teasey,fteasey5o@dedecms.com,Female,Auxerre,FR
206,Malissa,Shemming,mshemming5p@ft.com,,Barcelona,ES
207,Drake,Orknay,dorknay5q@arstechnica.com,Male,Louredo,PT
208,Blair,Tourne,btourne5r@prnewswire.com,Male,Leon,ES
209,Ardeen,Dansey,adansey5s@bbc.co.uk,Female,,
210,Cathlene,Childers,cchilders5t@china.com.cn,Female,,
211,Fowler,Cleiment,fcleiment5u@ocn.ne.jp,Male,Bordeaux,FR
212,Millard,Sirr,msirr5v@about.com,Male,,
213,Olvan,Maycock,omaycock5w@bloglovin.com,Male,Alverca do Ribatejo,PT
214,Kurt,McWhirter,kmcwhirter5x@netscape.com,Male,Parchal,PT
215,Hobart,Ginsie,hginsie5y@wordpress.com,Male,Strasbourg,FR
216,Marcellina,MacPeake,mmacpeake5z@google.com.hk,,Elx/Elche,ES
217,Mary,Peyton,mpeyton60@rambler.ru,Female,Monte Branco,PT
218,Baxy,Beach,bbeach61@com.com,Male,Quintas,PT
219,Chrissie,Skacel,cskacel62@time.com,Male,Meruge,PT
220,Octavius,Lambdean,olambdean63@stanford.edu,Male,Balazar,PT
221,Eartha,Clemes,eclemes64@example.com,Female,,
222,Alanson,Hapgood,ahapgood65@cornell.edu,,,
223,Erma,Fairman,efairman66@dropbox.com,Female,Murça,PT
224,Dominic,Wudeland,dwudeland67@i2i.jp,Male,Aberdeen,GB
225,Faina,Tames,ftames68@msn.com,Female,Créteil,FR
226,Sax,Vondrasek,svondrasek69@cnet.com,Male,Auch,FR
227,Adolphus,Pulver,apulver6a@un.org,Male,Quintão,PT
228,Jojo,Cooksley,jcooksley6b@europa.eu,Female,Quintã,PT
229,Harriette,Vyvyan,hvyvyan6c@epa.gov,Female,Barreiras,PT
230,Tyrus,Lowrance,tlowrance6d@google.com.br,Male,Orange,FR
231,Natale,Druery,ndruery6e@dedecms.com,Male,Aldeia de Juzo,PT
232,Lin,Swinney,lswinney6f@vkontakte.ru,Male,,
233,Anna,Pampling,apampling6g@soundcloud.com,Female,Vila Velha de Ródão,PT
234,Quentin,O'Cullinane,qocullinane6h@google.co.uk,Female,Pavia,PT
235,Emmett,Challenger,echallenger6i@booking.com,Male,Gião,PT
236,Walt,Demer,wdemer6j@abc.net.au,Male,Quintas,PT
237,Nevins,Carnell,ncarnell6k@yandex.ru,Male,Gouveia,PT
238,Adriano,Pawelec,apawelec6l@nasa.gov,Male,,
239,Frans,O'Cooney,focooney6m@xinhuanet.com,Male,Le Mans,FR
240,Phaedra,Robottom,probottom6n@hp.com,Female,Olival Basto,PT
241,Monro,Buxsey,mbuxsey6o@youtu.be,Male,,
242,Raddy,Girodias,rgirodias6p@mayoclinic.com,Male,Folques,PT
243,Cross,D'Ugo,cdugo6q@google.co.jp,Male,,
244,Clevie,Pridding,cpridding6r@geocities.com,Male,,
245,Basile,Wipper,bwipper6s@facebook.com,Male,Saint-Quentin-en-Yvelines,FR
246,Brewer,Pick,bpick6t@pagesperso-orange.fr,Male,,
247,Welby,Jumel,wjumel6u@zimbio.com,Male,,
248,Corette,Aggiss,caggiss6v@merriam-webster.com,Female,Vila Ribeiro,PT
249,Duffie,Bareham,dbareham6w@ed.gov,Male,Tentúgal,PT
250,Leigh,Magnay,lmagnay6x@php.net,Female,Blois,FR
251,Hildagard,Antuk,hantuk6y@cam.ac.uk,Female,,
252,Kris,Estrella,kestrella6z@china.com.cn,Male,,
253,Lew,Schwartz,lschwartz70@epa.gov,Male,,
254,Adan,Rough,arough71@gizmodo.com,Male,Arcachon,FR
255,Angus,Tanti,atanti72@webeden.co.uk,Male,Blaye,FR
256,Cara,Delves,cdelves73@hubpages.com,Female,Châlons-en-Champagne,FR
257,Cher,Jertz,cjertz74@sogou.com,Female,Além do Rio,PT
258,Glynn,Klaffs,gklaffs75@nih.gov,Male,Montreuil,FR
259,Nick,Vian,nvian76@multiply.com,Male,Reims,FR
260,Leanora,Gallelli,lgallelli77@omniture.com,Female,,
261,Kermit,Prowting,kprowting78@foxnews.com,Male,Cuba,PT
262,Laetitia,Madders,lmadders79@gmpg.org,Female,,
263,Harrie,Swinden,hswinden7a@over-blog.com,Female,,
264,Dom,Devitt,ddevitt7b@sogou.com,Male,Aurillac,FR
265,Mel,Allwell,mallwell7c@homestead.com,Male,Tarbes,FR
266,Royce,Bendell,rbendell7d@reddit.com,Male,Marseille,FR
267,Dena,Plessing,dplessing7e@google.ru,Female,Serzedo,PT
268,Vite,Cattell,vcattell7f@sbwire.com,Male,Chavão,PT
269,Portie,Ramme,pramme7g@toplist.cz,Male,,
270,Skye,Vedishchev,svedishchev7h@fastcompany.com,Male,Blois,FR
271,Gilly,O'Flaverty,goflaverty7i@mozilla.org,Female,,
272,Johannes,Ambrozewicz,jambrozewicz7j@sogou.com,,Seixal,PT
273,Bobby,Dougher,bdougher7k@bigcartel.com,Female,,
274,Julio,Bidewel,jbidewel7l@unc.edu,Male,Currais,PT
275,Marlee,Antusch,mantusch7m@360.cn,Female,Mulhouse,FR
276,Zack,Ivashnikov,zivashnikov7n@si.edu,Male,Saint-Priest,FR
277,Staford,Gregg,sgregg7o@google.nl,Male,,
278,Tye,Bellini,tbellini7p@bandcamp.com,Male,,
279,Tonnie,Gladwin,tgladwin7q@imdb.com,,Madalena do Mar,PT
280,Korie,Folker,kfolker7r@phpbb.com,Female,,
281,Ari,Olenchenko,aolenchenko7s@yahoo.co.jp,Male,,
282,Del,Yeude,dyeude7t@jiathis.com,Male,Hamburg,DE
283,Vinson,Leeuwerink,vleeuwerink7u@cdbaby.com,Male,Guimarães,PT
284,Karlan,De Luna,kdeluna7v@google.cn,,São Miguel da Carreira,PT
285,Gibb,Pues,gpues7w@liveinternet.ru,Male,Rungis,FR
286,Mel,Millery,mmillery7x@constantcontact.com,Male,Anadia,PT
287,Rhianon,Kleinsmuntz,rkleinsmuntz7y@indiatimes.com,Female,Elx/Elche,ES
288,Leonore,Basset,lbasset7z@behance.net,Female,,
289,Elayne,Kettlestringes,ekettlestringes80@blogs.com,Female,Águas,PT
290,Bryant,Budleigh,bbudleigh81@adobe.com,,Brejos,PT
291,Debora,Eldershaw,deldershaw82@reference.com,Female,Foros de Salvaterra,PT
292,Marie-ann,Kilby,mkilby83@cmu.edu,,,
293,Shurlocke,Banasik,sbanasik84@cafepress.com,Male,Queluz de Baixo,PT
294,Frayda,Whithalgh,fwhithalgh85@people.com.cn,Female,,
295,Marjie,Trayte,mtrayte86@ft.com,Female,Portela,PT
296,Brent,Randleson,brandleson87@howstuffworks.com,Male,,
297,Dorothee,Massingham,dmassingham88@bloglovin.com,,Voiron,FR
298,Caralie,Hiddersley,chiddersley89@ehow.com,Female,Orléans,FR
299,Sonnie,Feaveryear,sfeaveryear8a@npr.org,Male,Casa Nova,PT
300,Edlin,Klugel,eklugel8b@bbb.org,Male,Upton,GB
301,Reinaldo,Boodle,rboodle8c@cornell.edu,Male,Amiens,FR
302,Allyn,Easdon,aeasdon8d@rambler.ru,Male,,
303,Derril,Marcroft,dmarcroft8e@usnews.com,Male,,
304,Zelig,Matussow,zmatussow8f@yolasite.com,Male,,
305,Kelila,Petrovsky,kpetrovsky8g@upenn.edu,Female,Aix-en-Provence,FR
306,Kevon,Dutteridge,kdutteridge8h@domainmarket.com,Male,Lons-le-Saunier,FR
307,Rriocard,Raspel,rraspel8i@marriott.com,Male,Picassinos,PT
308,Tripp,Nash,tnash8j@wired.com,Male,,
309,Udall,Bulch,ubulch8k@acquirethisname.com,Male,,
310,Sephira,Cannop,scannop8l@reverbnation.com,Female,,
311,Deva,Brunon,dbrunon8m@etsy.com,Female,Blois,FR
312,Addison,Bourcq,abourcq8n@reuters.com,Male,Caluire-et-Cuire,FR
313,Farley,Spilisy,fspilisy8o@google.cn,Male,Vitrolles,FR
314,Pandora,Carnson,pcarnson8p@pbs.org,,Caen,FR
315,Jen,Offord,jofford8q@g.co,Female,,
316,Timothee,Charlewood,tcharlewood8r@canalblog.com,,Bordeaux,FR
317,Ofilia,Matteoli,omatteoli8s@yellowbook.com,Female,Colombes,FR
318,Lilia,Whiley,lwhiley8t@slashdot.org,Female,Mont-de-Marsan,FR
319,Christal,Brownsea,cbrownsea8u@slideshare.net,,Châlons-en-Champagne,FR
320,Kermit,Vasey,kvasey8v@google.de,Male,Bressuire,FR
321,Lana,Jepensen,ljepensen8w@fda.gov,Female,Touguinha,PT
322,Elsie,Sanderson,esanderson8x@artisteer.com,,,
323,Eda,Gudge,egudge8y@hhs.gov,Female,Créteil,FR
324,Marleah,Ciccarello,mciccarello8z@vkontakte.ru,Female,Santa Maria Oliveira,PT
325,Reta,Boij,rboij90@omniture.com,Female,Seia,PT
326,Shirlene,Corteis,scorteis91@blog.com,Female,,
327,Maximo,Frayne,mfrayne92@typepad.com,Male,Lisieux,FR
328,Berrie,Helleckas,bhelleckas93@nationalgeographic.com,Female,,
329,Tabbie,Tankus,ttankus94@php.net,Male,Mosteiros,PT
330,Milton,Mattholie,mmattholie95@blogs.com,Male,,
331,Gabie,Ritzman,gritzman96@youtube.com,Male,Paris La Défense,FR
332,Bendix,Bergstram,bbergstram97@diigo.com,,Rodez,FR
333,Lucien,Dale,ldale98@yellowbook.com,,,
334,Krishna,Creavan,kcreavan99@geocities.jp,Male,Lyon,FR
335,Cesya,Yendall,cyendall9a@blog.com,Female,Alcains,PT
336,Hal,Hedde,hhedde9b@uol.com.br,Male,Vénissieux,FR
337,Yul,Riggeard,yriggeard9c@indiegogo.com,Male,Cabra Figa,PT
338,Basia,Greenstock,bgreenstock9d@blogger.com,Female,Teixoso,PT
339,Korrie,Fayerbrother,kfayerbrother9e@google.cn,,Hamburg,DE
340,Harlene,Klimkowski,hklimkowski9f@boston.com,Female,Galamares,PT
341,Teri,Biner,tbiner9g@lulu.com,Female,São Brás de Alportel,PT
342,Conant,Tremonte,ctremonte9h@myspace.com,Male,,
343,Laurens,felip,lfelip9i@google.co.uk,Male,Lages,PT
344,Buiron,Huggan,bhuggan9j@thetimes.co.uk,Male,Souto,PT
345,Chandal,Drever,cdrever9k@yandex.ru,Female,,
346,Glenn,Thorald,gthorald9l@spotify.com,Male,Cential,PT
347,Solomon,Enever,senever9m@ebay.co.uk,Male,Rio de Mouro,PT
348,Billie,Reignolds,breignolds9n@free.fr,Male,Dijon,FR
349,Lenee,Fraine,lfraine9o@chronoengine.com,,Cannes,FR
350,Larissa,Summerskill,lsummerskill9p@census.gov,Female,,
351,Mercy,Dillingstone,mdillingstone9q@drupal.org,Female,Monte Branco,PT
352,Redford,Lemonby,rlemonby9r@g.co,Male,Leitões,PT
353,Andy,Cordner,acordner9s@google.co.uk,Male,,
354,Bobbie,Halegarth,bhalegarth9t@mac.com,,Charlton,GB
355,Harriet,Weetch,hweetch9u@usa.gov,Female,Carrazeda de Ansiães,PT
356,Dorthea,Severy,dsevery9v@reference.com,Female,Annecy,FR
357,Nancey,Kleinber,nkleinber9w@archive.org,Female,,
358,Cornelius,Kayser,ckayser9x@chronoengine.com,Male,Pamplona/Iruña,ES
359,Adam,Leek,aleek9y@accuweather.com,Male,Annecy,FR
360,Callida,Bennett,cbennett9z@flavors.me,,Issy-les-Moulineaux,FR
361,Woodman,Cairns,wcairnsa0@privacy.gov.au,Male,Wuppertal,DE
362,Redford,Chadwell,rchadwella1@nytimes.com,Male,Eira da Pedra,PT
363,Ron,Fergyson,rfergysona2@odnoklassniki.ru,,Eirol,PT
364,Reinold,Edmundson,redmundsona3@usda.gov,Male,Saint-Rémy-de-Provence,FR
365,Lucilia,Disman,ldismana4@shinystat.com,Female,,
366,Barr,Fawdry,bfawdrya5@businessweek.com,Male,,
367,Mirilla,Furze,mfurzea6@hatena.ne.jp,Female,Béziers,FR
368,Rocky,Oake,roakea7@deliciousdays.com,,São Miguel,PT
369,Cicily,Lorie,cloriea8@hexun.com,Female,Pau,FR
370,Mahmud,Mackin,mmackina9@newsvine.com,Male,Calvão,PT
371,Waldon,Pharo,wpharoaa@youku.com,Male,São Sebastião,PT
372,Hali,Stockford,hstockfordab@livejournal.com,Female,Silvares,PT
373,Crystie,Humm,chummac@cnn.com,Female,São Mamede,PT
374,Friedrick,Marrington,fmarringtonad@cdbaby.com,Male,,
375,Vonni,Powling,vpowlingae@yandex.ru,Female,Aldeia de Juzo,PT
376,Howey,Babington,hbabingtonaf@berkeley.edu,Male,Fundão,PT
377,Ava,Dawson,adawsonag@1und1.de,Female,Reggio Calabria,IT
378,Mickie,Aggiss,maggissah@marketwatch.com,Male,,
379,Griff,Percifull,gpercifullai@exblog.jp,Male,,
380,Demetris,Luttger,dluttgeraj@fotki.com,Female,Villefranche-sur-Saône,FR
381,Eadmund,Minguet,eminguetak@123-reg.co.uk,Male,Orléans,FR
382,Veda,Ellins,vellinsal@ovh.net,Female,Évreux,FR
383,Aubrey,Matula,amatulaam@netlog.com,Male,Mem Martins,PT
384,Suki,Iacoviello,siacovielloan@1und1.de,Female,,
385,Jordon,Hansie,jhansieao@typepad.com,Male,Barreira,PT
386,Derk,Onraet,donraetap@baidu.com,Male,,
387,Rubi,Dennison,rdennisonaq@reddit.com,Female,,
388,Ive,Griffen,igriffenar@artisteer.com,Male,Seroa,PT
389,Eddi,Healy,ehealyas@themeforest.net,Female,Francos,PT
390,Jillie,Offener,joffenerat@tumblr.com,Female,Lanhas,PT
391,Torin,Fitzmaurice,tfitzmauriceau@ihg.com,Male,,
392,Andriette,Wyeth,awyethav@behance.net,,Marinhais,PT
393,Marlena,Brookes,mbrookesaw@yahoo.com,Female,,
394,Marcellina,Sodor,msodorax@123-reg.co.uk,Female,Douarnenez,FR
395,Iggie,Klimpt,iklimptay@cornell.edu,Male,Saint-Avold,FR
396,Wye,Caudray,wcaudrayaz@tinyurl.com,Male,Halton,GB
397,Byrann,Welburn,bwelburnb0@about.com,Male,Aime,FR
398,Dolph,Tassel,dtasselb1@dedecms.com,Male,Murcia,ES
399,Shell,Collicott,scollicottb2@samsung.com,Male,Manadas,PT
400,Dudley,McGarel,dmcgarelb3@time.com,Male,Le Chambon-Feugerolles,FR
401,Antoine,Clitherow,aclitherowb4@hp.com,Male,,
402,Harley,Bransom,hbransomb5@blogtalkradio.com,Male,Goussainville,FR
403,Imogen,Kilbride,ikilbrideb6@facebook.com,Female,Saint-Quentin-en-Yvelines,FR
404,Sadie,Keggins,skegginsb7@fema.gov,Female,Longjumeau,FR
405,Paulo,Fosdike,pfosdikeb8@aol.com,Male,Orsay,FR
406,Pearline,Chasle,pchasleb9@chicagotribune.com,Female,Finzes,PT
407,Ramsay,Cock,rcockba@hexun.com,Male,Paris 12,FR
408,Minnie,Charlewood,mcharlewoodbb@nifty.com,Female,,
409,Claudia,Reynalds,creynaldsbc@ucla.edu,Female,Reinaldes,PT
410,Kellen,Kennon,kkennonbd@so-net.ne.jp,Male,Pamplona/Iruña,ES
411,Josee,Macrae,jmacraebe@constantcontact.com,Female,Ploemeur,FR
412,Dennie,Towne,dtownebf@youtube.com,Male,,
413,Siouxie,Sherwell,ssherwellbg@xing.com,Female,Alcaria da Serra,PT
414,Morissa,Quidenham,mquidenhambh@harvard.edu,Female,Maisons-Alfort,FR
415,Rube,Congreve,rcongrevebi@weibo.com,Male,,
416,Mollee,Thomelin,mthomelinbj@csmonitor.com,Female,Avon,FR
417,Dunc,Warburton,dwarburtonbk@state.tx.us,Male,,
418,Patience,Carwithen,pcarwithenbl@intel.com,Female,,
419,Benoit,Dunston,bdunstonbm@msn.com,Male,Mende,FR
420,Chevalier,Mauro,cmaurobn@myspace.com,Male,Lavradio,PT
421,Dawn,Vear,dvearbo@businesswire.com,Female,Romorantin-Lanthenay,FR
422,Kalle,MacGall,kmacgallbp@nydailynews.com,Male,Vila,PT
423,Devin,Bauldry,dbauldrybq@wikia.com,Male,,
424,Graig,Worrall,gworrallbr@google.ru,Male,,
425,Vite,Tinto,vtintobs@imdb.com,Male,Guimarei,PT
426,Chip,MacGillreich,cmacgillreichbt@angelfire.com,Male,Évry,FR
427,Taylor,Edgeley,tedgeleybu@cnbc.com,Male,Aulnay-sous-Bois,FR
428,Weider,Marmion,wmarmionbv@hostgator.com,Male,Wuppertal,DE
429,Lynsey,Rowcastle,lrowcastlebw@telegraph.co.uk,Female,Alvega,PT
430,Gerianna,Gillyett,ggillyettbx@mtv.com,Female,,
431,Clement,Headech,cheadechby@comsenz.com,Male,Ameixoeira,PT
432,Clemmie,Eager,ceagerbz@reuters.com,Male,Berlin,DE
433,Dru,ducarme,dducarmec0@un.org,Female,,
434,Stephannie,Hullins,shullinsc1@istockphoto.com,Female,,
435,Stanley,Cumberbatch,scumberbatchc2@bravesites.com,Male,Nice,FR
436,Morissa,Havelin,mhavelinc3@com.com,Female,,
437,Lissi,Pembry,lpembryc4@shareasale.com,Female,Cachadinha,PT
438,Avivah,Vaughten,avaughtenc5@bloglovin.com,Female,,
439,Cherie,Alleyn,calleync6@discuz.net,Female,Aldeias de Cima,PT
440,Hephzibah,Dragoe,hdragoec7@gizmodo.com,Female,Cavaillon,FR
441,Beryl,Trippett,btrippettc8@smugmug.com,Female,Lyon,FR
442,Dur,Serjeant,dserjeantc9@gizmodo.com,,Orléans,FR
443,Bradly,Schenkel,bschenkelca@1688.com,Male,Strasbourg,FR
444,Wang,Drillingcourt,wdrillingcourtcb@stanford.edu,Male,Santander,ES
445,Melessa,Delafont,mdelafontcc@apache.org,Female,Roissy Charles-de-Gaulle,FR
446,Norrie,Mitten,nmittencd@aol.com,Male,Bergamo,IT
447,Ab,Mattholie,amattholiece@squarespace.com,Male,Odivelas,PT
448,Nissie,Miskelly,nmiskellycf@g.co,Female,Paris 13,FR
449,Anatole,Phil,aphilcg@godaddy.com,Male,Fréjus,FR
450,Delaney,Crisp,dcrispch@wordpress.com,Male,Balazar,PT
451,Melantha,Sonier,msonierci@odnoklassniki.ru,Female,Santander,ES
452,Rinaldo,Akred,rakredcj@bravesites.com,,Eido,PT
453,Mattias,Harling,mharlingck@imgur.com,Male,,
454,Cassie,Mantha,cmanthacl@amazon.de,Female,Cortiços,PT
455,Ly,Hambatch,lhambatchcm@hp.com,Male,Cruzeiro,PT
456,Sena,Touhig,stouhigcn@google.pl,Female,Savigny-le-Temple,FR
457,Ulric,Chiommienti,uchiommientico@google.ru,,,
458,Jake,Maher,jmahercp@msn.com,Male,Riba de Ave,PT
459,Nevil,Tomsett,ntomsettcq@nymag.com,,Rennes,FR
460,Khalil,Goundry,kgoundrycr@ycombinator.com,Male,Caen,FR
461,Gardener,Echallie,gechalliecs@scribd.com,Male,,
462,Pyotr,Coey,pcoeyct@craigslist.org,,Lugo,ES
463,Bobbe,Ellerby,bellerbycu@behance.net,Female,Aime,FR
464,Ingelbert,Alfonsetto,ialfonsettocv@illinois.edu,Male,Mont-Saint-Aignan,FR
465,Richy,Bridgett,rbridgettcw@techcrunch.com,Male,Rodez,FR
466,Norina,Trussler,ntrusslercx@booking.com,Female,Vineuil,FR
467,Gilly,Vamplus,gvampluscy@webs.com,Female,Saint-Grégoire,FR
468,Derry,Briton,dbritoncz@nbcnews.com,Male,Vinhais,PT
469,Blane,O'Hagan,bohagand0@boston.com,Male,Sobral,PT
470,Toddie,Langdon,tlangdond1@histats.com,Male,La Garenne-Colombes,FR
471,Sashenka,O'Duilleain,soduilleaind2@cafepress.com,Female,Bicesse,PT
472,Salomone,Soltan,ssoltand3@oakley.com,Male,Aldeia da Piedade,PT
473,Jerry,Jerrans,jjerransd4@nps.gov,Female,Paris 20,FR
474,Patricia,Hovey,phoveyd5@opera.com,Female,Paris 15,FR
475,Giordano,Rockwill,grockwilld6@hibu.com,Male,,
476,Shelley,Stitson,sstitsond7@globo.com,Male,Meaux,FR
477,Fiona,Loughlan,floughland8@theatlantic.com,Female,,
478,Ludovika,Pacey,lpaceyd9@amazon.co.uk,Female,Santa Marta de Penaguião,PT
479,Sinclair,Goodenough,sgoodenoughda@freewebs.com,Male,Ardazubre,PT
480,Therese,Ivashnyov,tivashnyovdb@wix.com,Female,Santa Maria Oliveira,PT
481,Ezekiel,Hender,ehenderdc@webmd.com,Male,Aldeia da Bela Vista,PT
482,Lancelot,Klulik,lklulikdd@examiner.com,Male,Ramalhal,PT
483,Sibilla,Blaik,sblaikde@japanpost.jp,,Estrada,PT
484,Charleen,Rosier,crosierdf@scientificamerican.com,Female,Aldeia de Além,PT
485,Kendal,Blasl,kblasldg@wordpress.com,Male,,
486,Emili,Dybell,edybelldh@topsy.com,,Pombal,PT
487,Cos,Dulanty,cdulantydi@bizjournals.com,Male,Paris 14,FR
488,Gilberto,Scrivner,gscrivnerdj@cornell.edu,,,
489,Dmitri,Heam,dheamdk@clickbank.net,Male,Aveiro,PT
490,Fred,Kennedy,fkennedydl@msu.edu,Male,Lavradio,PT
491,Cos,Grass,cgrassdm@godaddy.com,Male,Dresden,DE
492,Lutero,Palk,lpalkdn@who.int,Male,Venezia,IT
493,Parnell,O'Leagham,poleaghamdo@google.fr,Male,Seara,PT
494,Clerkclaude,Spandley,cspandleydp@npr.org,Male,Perpignan,FR
495,Patience,Storcke,pstorckedq@house.gov,Female,Lagoa de Albufeira,PT
496,Geoffrey,Mowatt,gmowattdr@so-net.ne.jp,Male,Newton,GB
497,Bren,Mourant,bmourantds@amazonaws.com,Male,Castanheira,PT
498,Aurelie,Dahill,adahilldt@bbb.org,Female,Fajã de Cima,PT
499,Saree,Pipworth,spipworthdu@admin.ch,Female,Bilhó,PT
500,Philbert,Bleasby,pbleasbydv@statcounter.com,Male,,
501,Darryl,Dreossi,ddreossidw@devhub.com,Male,Cabrela,PT
502,Humphrey,Davitt,hdavittdx@bizjournals.com,Male,Saint-Maur-des-Fossés,FR
503,Ellsworth,Fairn,efairndy@multiply.com,Male,,
504,Perren,Cleife,pcleifedz@com.com,Male,,
505,Hamish,Allridge,hallridgee0@salon.com,,Barcelona,ES
506,Mirabella,Bonifant,mbonifante1@va.gov,,São Mamede,PT
507,Randy,Moline,rmolinee2@typepad.com,Male,,
508,Mallory,Atley,matleye3@paginegialle.it,Female,,
509,Abran,Jeannot,ajeannote4@shinystat.com,Male,Toulouse,FR
510,Robinet,Ordelt,rordelte5@shareasale.com,Female,,
511,Curr,Szymoni,cszymonie6@hostgator.com,Male,Auch,FR
512,Kleon,Ruit,kruite7@narod.ru,Male,Forninho,PT
513,Stanislas,Basire,sbasiree8@purevolume.com,Male,Saint-Quentin-en-Yvelines,FR
514,Robinett,Yeulet,ryeulete9@instagram.com,Female,Évreux,FR
515,Garrott,Kenson,gkensonea@paginegialle.it,,Labruge,PT
516,Muire,Myott,mmyotteb@huffingtonpost.com,Female,,
517,Brennen,Decort,bdecortec@plala.or.jp,Male,,
518,Aluino,Lemary,alemaryed@scribd.com,Male,Laon,FR
519,Dot,Greenshields,dgreenshieldsee@reuters.com,Female,Cran-Gevrier,FR
520,Rosalynd,Traut,rtrautef@rakuten.co.jp,Female,,
521,Georgi,Tedman,gtedmaneg@chronoengine.com,Male,Reims,FR
522,Ginger,Norgate,gnorgateeh@moonfruit.com,Male,,
523,Toma,Waddingham,twaddinghamei@dmoz.org,Female,Monte Leite,PT
524,Caressa,McCaster,cmccasterej@tinyurl.com,Female,Toulon,FR
525,Marline,Sabater,msabaterek@globo.com,Female,,
526,Farly,Enos,fenosel@bloglines.com,Male,,
527,August,Lyal,alyalem@timesonline.co.uk,Male,Valeirinha,PT
528,Fay,Doble,fdobleen@naver.com,Female,,
529,Jayne,Schroter,jschrotereo@latimes.com,Female,Amieiro,PT
530,Balduin,Swin,bswinep@linkedin.com,Male,Paris La Défense,FR
531,Rozalin,Klempke,rklempkeeq@shinystat.com,Female,Arpajon,FR
532,Hirsch,Bullan,hbullaner@sogou.com,Male,Manique,PT
533,Francyne,Paur,fpaures@blogspot.com,Female,Luz de Tavira,PT
534,Pia,Cockerell,pcockerellet@un.org,Female,,
535,Craig,Jermyn,cjermyneu@nsw.gov.au,,Montreuil,FR
536,Debby,Parrish,dparrishev@about.com,Female,Villeneuve-la-Garenne,FR
537,Worth,Spennock,wspennockew@cnet.com,Male,Ponta Delgada,PT
538,Blaine,Poker,bpokerex@cdc.gov,Male,Poitiers,FR
539,Karla,Kubecka,kkubeckaey@skyrock.com,Female,,
540,Marji,Braikenridge,mbraikenridgeez@si.edu,,,
541,Wilbert,Pendrich,wpendrichf0@springer.com,Male,Horta,PT
542,Elbertine,Mordanti,emordantif1@google.com.hk,Female,Santo Amaro,PT
543,Gerhardt,Normavell,gnormavellf2@accuweather.com,,,
544,Muffin,Janoschek,mjanoschekf3@vistaprint.com,Female,Ladário,PT
545,Vasilis,Lavallin,vlavallinf4@list-manage.com,,Carpalho,PT
546,Tracey,MacCollom,tmaccollomf5@paginegialle.it,Female,Madalena do Mar,PT
547,Markus,Chadwell,mchadwellf6@wikipedia.org,Male,Gominhães,PT
548,Dre,Sture,dsturef7@addtoany.com,Female,,
549,Misha,Adshead,madsheadf8@auda.org.au,Female,Óbidos,PT
550,Stanwood,Abrey,sabreyf9@rakuten.co.jp,Male,Crépy-en-Valois,FR
551,Stefania,Jaimez,sjaimezfa@huffingtonpost.com,Female,,
552,Jolene,Jessett,jjessettfb@un.org,Female,,
553,Jaime,Doughtery,jdoughteryfc@dyndns.org,Female,Nanterre,FR
554,Olva,Goodlake,ogoodlakefd@un.org,Female,Casais Baleal,PT
555,Row,Broun,rbrounfe@twitpic.com,Female,,
556,Faun,Thornbarrow,fthornbarrowff@alexa.com,Female,,
557,Jimmy,Pietersma,jpietersmafg@phoca.cz,Male,Caen,FR
558,Lenora,Baitman,lbaitmanfh@tiny.cc,Female,Carlton,GB
559,Quintin,Sowden,qsowdenfi@deliciousdays.com,Male,Fanzeres,PT
560,Aridatha,Alsobrook,aalsobrookfj@google.it,Female,Lons-le-Saunier,FR
561,Rriocard,Pengelley,rpengelleyfk@hexun.com,Male,Paris 08,FR
562,Marvin,Hansom,mhansomfl@state.gov,Male,,
563,Rinaldo,Pochet,rpochetfm@gravatar.com,Male,Cambas,PT
564,Phineas,Kelling,pkellingfn@theatlantic.com,Male,Quintã,PT
565,Annette,Stickells,astickellsfo@oaic.gov.au,Female,,
566,Phillip,Stoffersen,pstoffersenfp@nytimes.com,,Zaragoza,ES
567,Earlie,Setchfield,esetchfieldfq@nbcnews.com,Male,Massy,FR
568,Kellia,Hagyard,khagyardfr@ihg.com,Female,Châteaudun,FR
569,Darrell,Lavrick,dlavrickfs@techcrunch.com,Male,Boleiros,PT
570,Chrissy,Zorzoni,czorzonift@marriott.com,Male,Paris 12,FR
571,Oran,Ebourne,oebournefu@tuttocitta.it,Male,,
572,Josias,Van Saltsberg,jvansaltsbergfv@whitehouse.gov,Male,Cahors,FR
573,Klement,Mathiasen,kmathiasenfw@sourceforge.net,Male,Bairro,PT
574,Patsy,Broggelli,pbroggellifx@youtube.com,Male,Massy,FR
575,Leo,Proven,lprovenfy@ca.gov,Male,,
576,Melba,Meadowcroft,mmeadowcroftfz@gizmodo.com,Female,Hanau,DE
577,Noland,Clows,nclowsg0@tumblr.com,,Sangalhos,PT
578,Sherry,Sheal,sshealg1@lycos.com,Female,Bairro do Margaça,PT
579,Ted,Magor,tmagorg2@nyu.edu,Male,Fosses,FR
580,Stevy,Viant,sviantg3@newsvine.com,Male,Liverpool,GB
581,Billi,Bresland,bbreslandg4@infoseek.co.jp,Female,Madrid,ES
582,Hugibert,Mocquer,hmocquerg5@tripod.com,Male,Moutas,PT
583,Dora,Hirjak,dhirjakg6@phpbb.com,Female,Montauban,FR
584,Denny,L'argent,dlargentg7@imageshack.us,,,
585,Alwin,Miliffe,amiliffeg8@oaic.gov.au,,Loudun,FR
586,Davin,Loudon,dloudong9@wikispaces.com,Male,Düsseldorf,DE
587,Devonna,Gerling,dgerlingga@jugem.jp,Female,Boulogne-Billancourt,FR
588,Otho,Narramore,onarramoregb@msu.edu,Male,,
589,Christyna,Poel,cpoelgc@dedecms.com,Female,,
590,Danica,Warry,dwarrygd@zimbio.com,Female,Mérignac,FR
591,Justinian,Vedyaev,jvedyaevge@reference.com,Male,,
592,Daryn,Zorzini,dzorzinigf@forbes.com,Female,,
593,Cassey,Whitwam,cwhitwamgg@hud.gov,Female,,
594,Onfroi,Treves,otrevesgh@google.es,Male,Rio,PT
595,Lynne,Hamley,lhamleygi@tuttocitta.it,Female,Sardoal,PT
596,Lydia,Dearnly,ldearnlygj@mit.edu,Female,Lyon,FR
597,Free,Filoniere,ffilonieregk@jigsy.com,Male,,
598,Alix,Cullabine,acullabinegl@cnbc.com,Male,Queluz de Baixo,PT
599,Reginald,Larkin,rlarkingm@google.nl,,Issy-les-Moulineaux,FR
600,Marissa,Chritchlow,mchritchlowgn@about.com,Female,Le Mans,FR
601,Luigi,Cherrie,lcherriego@constantcontact.com,Male,Roma,IT
602,Jarib,Holywell,jholywellgp@cbsnews.com,,Bordeaux,FR
603,Ade,Kingsly,akingslygq@imgur.com,Male,Antas,PT
604,Hewet,Orrobin,horrobingr@businessweek.com,Male,Maiorca,PT
605,Barney,Germaine,bgermainegs@cmu.edu,Male,,
606,Kelsy,Truckett,ktruckettgt@cornell.edu,Female,,
607,Corrinne,Simic,csimicgu@blogtalkradio.com,Female,Pisão,PT
608,Maximilianus,Brandreth,mbrandrethgv@indiegogo.com,Male,Tarbes,FR
609,Sybila,Jone,sjonegw@sogou.com,,Rouen,FR
610,Margit,Millsap,mmillsapgx@example.com,Female,,
611,Eliot,Twigg,etwigggy@is.gd,,Lagoa de Albufeira,PT
612,Abram,Newborn,anewborngz@goodreads.com,Male,Saint-Leu-la-Forêt,FR
613,Maxie,Passfield,mpassfieldh0@upenn.edu,Female,Poitiers,FR
614,Nickola,Keward,nkewardh1@apple.com,Male,Palhais,PT
615,Delainey,Brassington,dbrassingtonh2@princeton.edu,Male,Várzea,PT
616,Cassandra,Mercer,cmercerh3@patch.com,Female,,
617,Timmie,Woolston,twoolstonh4@sourceforge.net,Female,,
618,Odella,Baddow,obaddowh5@umn.edu,Female,Paris La Défense,FR
619,Christian,Cordero,ccorderoh6@sciencedirect.com,,Torre,PT
620,Elston,Grimsey,egrimseyh7@berkeley.edu,Male,Lameira,PT
621,Katharyn,Steabler,ksteablerh8@miitbeian.gov.cn,Female,Montes Velhos,PT
622,Yancy,Palffy,ypalffyh9@ucoz.ru,Male,,
623,Darn,Sides,dsidesha@stumbleupon.com,Male,Olho Marinho,PT
624,Cecilia,Brecknock,cbrecknockhb@wordpress.org,Female,Orléans,FR
625,Barnabas,Beagrie,bbeagriehc@bbc.co.uk,Male,,
626,Denys,Adrien,dadrienhd@cnbc.com,Female,Guimarei,PT
627,Scotty,Colombier,scolombierhe@skype.com,Male,Caxarias,PT
628,Theo,Sokell,tsokellhf@biglobe.ne.jp,Male,Bourges,FR
629,Carena,Toffoloni,ctoffolonihg@sciencedirect.com,Female,Santarém,PT
630,Dolli,Drioli,ddriolihh@51.la,,Monte do Outeiro,PT
631,Radcliffe,Booij,rbooijhi@symantec.com,Male,Cimo de Vila,PT
632,Maxwell,Matelaitis,mmatelaitishj@alexa.com,Male,,
633,Jayne,Zamora,jzamorahk@wunderground.com,Female,Napoli,IT
634,Pail,Archibold,parchiboldhl@amazon.co.jp,Male,Casal do Conde,PT
635,Jordan,Hulland,jhullandhm@t.co,,,
636,Hermie,Fassam,hfassamhn@blogspot.com,Male,,
637,Vicki,Buggs,vbuggsho@fc2.com,Female,Puget-sur-Argens,FR
638,Dallas,Auty,dautyhp@buzzfeed.com,Female,Auray,FR
639,Julina,Llywarch,jllywarchhq@ebay.co.uk,Female,,
640,Mitch,Reaman,mreamanhr@odnoklassniki.ru,Male,Blois,FR
641,Aldin,Skyrme,askyrmehs@yandex.ru,Male,,
642,Saunderson,Braemer,sbraemerht@weather.com,Male,Provins,FR
643,Bryanty,Mingay,bmingayhu@odnoklassniki.ru,Male,Pedreira,PT
644,Gene,Cash,gcashhv@umn.edu,Male,Vinha,PT
645,Dottie,Picknett,dpicknetthw@odnoklassniki.ru,,,
646,Vincent,Rossbrooke,vrossbrookehx@livejournal.com,Male,Limoges,FR
647,Cindie,Tipler,ctiplerhy@topsy.com,,Estoi,PT
648,Nadia,Serck,nserckhz@nps.gov,Female,Provins,FR
649,Violette,Osbidston,vosbidstoni0@psu.edu,Female,Gandra,PT
650,Kendall,MacGuiness,kmacguinessi1@yahoo.co.jp,,Lille,FR
651,Yvonne,Bawle,ybawlei2@hud.gov,Female,Aulnay-sous-Bois,FR
652,Dan,Deniske,ddeniskei3@samsung.com,Male,,
653,Tate,Tschursch,ttschurschi4@china.com.cn,,Laon,FR
654,Danyette,Fahrenbach,dfahrenbachi5@chicagotribune.com,Female,,
655,Gilberta,McCamish,gmccamishi6@pen.io,Female,Ribeiro,PT
656,Alvan,Yakushkin,ayakushkini7@dailymail.co.uk,Male,Alpiarça,PT
657,Reamonn,Blade,rbladei8@gizmodo.com,Male,Refojos,PT
658,Kenny,Meegan,kmeegani9@mapquest.com,Male,,
659,Byran,Ablott,bablottia@furl.net,Male,Nogueira do Cravo,PT
660,Eliza,Durrell,edurrellib@youtu.be,Female,Malveira,PT
661,Packston,Galtone,pgaltoneic@i2i.jp,Male,,
662,Clarisse,McAree,cmcareeid@answers.com,,Blois,FR
663,Niko,Lumpkin,nlumpkinie@loc.gov,Male,Pantin,FR
664,Daveta,MacKeeg,dmackeegif@msu.edu,Female,Odivelas,PT
665,Mitzi,Colcutt,mcolcuttig@google.ca,Female,São Bento,PT
666,Brice,Kobierski,bkobierskiih@so-net.ne.jp,Male,Vannes,FR
667,Clio,Slay,cslayii@acquirethisname.com,Female,,
668,Joelie,D'Cruze,jdcruzeij@de.vu,Female,,
669,Stinky,Linde,slindeik@imgur.com,Male,Chartres,FR
670,Cash,Scartifield,cscartifieldil@reuters.com,,,
671,Pacorro,Eaton,peatonim@mozilla.org,Male,Bochum,DE
672,Blisse,Kidde,bkiddein@devhub.com,Female,,
673,Farlee,Gemlbett,fgemlbettio@bluehost.com,Male,Fiais da Beira,PT
674,Rheba,Dubois,rduboisip@walmart.com,,Serra,PT
675,Ennis,Clash,eclashiq@blogspot.com,Male,Lomba,PT
676,Sammy,Moorman,smoormanir@jugem.jp,Male,Pau,FR
677,Patrizio,Eadmeades,peadmeadesis@yolasite.com,,Santarém,PT
678,Fianna,O'Skehan,foskehanit@cisco.com,Female,,
679,Jess,Muscroft,jmuscroftiu@reddit.com,Male,Odemira,PT
680,Aida,Paszak,apaszakiv@google.com.br,Female,Tojal,PT
681,Bernardo,Garnar,bgarnariw@reference.com,Male,,
682,Noach,Palmar,npalmarix@wix.com,Male,,
683,Maia,Litton,mlittoniy@myspace.com,Female,Famões,PT
684,Trstram,Cluley,tcluleyiz@yale.edu,Male,Antas,PT
685,Ingelbert,Yurkin,iyurkinj0@shop-pro.jp,Male,Pedroso,PT
686,Aloysia,Siverns,asivernsj1@howstuffworks.com,,,
687,Zilvia,Burriss,zburrissj2@fastcompany.com,Female,,
688,Clayson,Viall,cviallj3@google.ca,Male,Cabeças Verdes,PT
689,Mortimer,Kehir,mkehirj4@virginia.edu,Male,Cardal,PT
690,Leonidas,Giacoppo,lgiacoppoj5@adobe.com,Male,,
691,Claiborne,Rewcastle,crewcastlej6@icq.com,Male,Paradela,PT
692,Isadora,Prinne,iprinnej7@google.co.uk,Female,Parada de Pinhão,PT
693,Matt,Letford,mletfordj8@buzzfeed.com,Male,Bonneuil-sur-Marne,FR
694,Jerrilyn,Jubert,jjubertj9@mapquest.com,Female,,
695,Walden,Hiner,whinerja@economist.com,Male,,
696,Maxim,Paynter,mpaynterjb@tripod.com,Male,Poitiers,FR
697,Lauritz,Metcalf,lmetcalfjc@nature.com,Male,Vale de Figueira,PT
698,Netti,Coleiro,ncoleirojd@opera.com,Female,Dijon,FR
699,Nathanial,Hinsche,nhinscheje@google.com.hk,Male,Quintães,PT
700,Uta,Ellen,uellenjf@springer.com,Female,,
701,Euell,Gelling,egellingjg@psu.edu,,Alcainça,PT
702,Linell,Odde,loddejh@creativecommons.org,Female,Penha Longa,PT
703,Ev,Allmark,eallmarkji@yellowpages.com,Male,Breia,PT
704,Elenore,Becaris,ebecarisjj@t.co,Female,Pai do Vento,PT
705,Lizette,Hulk,lhulkjk@squarespace.com,Female,Nantes,FR
706,Johnny,Dmtrovic,jdmtrovicjl@mit.edu,Male,Villefranche-sur-Mer,FR
707,Burr,Stockoe,bstockoejm@twitpic.com,Male,,
708,Lorita,Lathwood,llathwoodjn@uiuc.edu,Female,,
709,Rosita,Gerold,rgeroldjo@skype.com,,,
710,Agatha,Otridge,aotridgejp@delicious.com,Female,,
711,Harold,Giovanitti,hgiovanittijq@odnoklassniki.ru,Male,Pau,FR
712,Gusella,Papis,gpapisjr@yellowbook.com,Female,Perpignan,FR
713,Ami,Lyokhin,alyokhinjs@list-manage.com,Female,,
714,Frannie,Pauly,fpaulyjt@mac.com,Male,,
715,Ciro,Fairbank,cfairbankju@wikia.com,Male,Reims,FR
716,Mignonne,Cozzi,mcozzijv@newyorker.com,Female,Pobral,PT
717,Hayyim,Whyteman,hwhytemanjw@gravatar.com,Male,,
718,Scotty,Zorzutti,szorzuttijx@accuweather.com,Male,,
719,Rodrigo,Labusch,rlabuschjy@flavors.me,Male,Ribeirão,PT
720,Renate,Fitch,rfitchjz@archive.org,Female,Reggio Calabria,IT
721,Park,Jewiss,pjewissk0@godaddy.com,Male,Cruz,PT
722,Jacquetta,Jeeves,jjeevesk1@seesaa.net,Female,,
723,Letisha,Scrooby,lscroobyk2@skype.com,Female,Villejuif,FR
724,Reece,Witherop,rwitheropk3@lycos.com,Male,Saint-Quentin-Fallavier,FR
725,Randy,Fulkes,rfulkesk4@ihg.com,,Palma De Mallorca,ES
726,Elli,Sorrie,esorriek5@typepad.com,Female,,
727,Nellie,Hollingdale,nhollingdalek6@baidu.com,Female,Costa de Rios Frios,PT
728,Teri,Skace,tskacek7@canalblog.com,Female,Oliveira de Baixo,PT
729,York,Filippazzo,yfilippazzok8@unesco.org,Male,Sobreiro,PT
730,Ossie,Damper,odamperk9@creativecommons.org,Male,München,DE
731,Josepha,Klimowicz,jklimowiczka@ycombinator.com,Female,Bicesse,PT
732,Lorine,Balding,lbaldingkb@samsung.com,Female,Selmes,PT
733,Carmita,Yurkov,cyurkovkc@nature.com,Female,,
734,Sheela,Klimus,sklimuskd@soup.io,Female,Picoto,PT
735,Ayn,Josephi,ajosephike@flavors.me,Female,"Palmas De Gran Canaria, Las",ES
736,Drucy,Brion,dbrionkf@vk.com,Female,São Miguel,PT
737,Antonino,Mumford,amumfordkg@dailymotion.com,Male,,
738,Haydon,Jarrad,hjarradkh@adobe.com,Male,Canto,PT
739,Donovan,Ker,dkerki@indiatimes.com,Male,Santo André,PT
740,Fancy,Littlefield,flittlefieldkj@eepurl.com,Female,Murça,PT
741,Clerkclaude,Brownlow,cbrownlowkk@huffingtonpost.com,Male,Junqueiro,PT
742,Jarrett,Flight,jflightkl@chicagotribune.com,Male,Vale,PT
743,Rozella,Winship,rwinshipkm@java.com,Female,Cluses,FR
744,Hilario,Minucci,hminuccikn@jigsy.com,Male,Mosteiros,PT
745,Arty,Tewkesberry,atewkesberryko@w3.org,Male,São Brás de Alportel,PT
746,Lyssa,Barnbrook,lbarnbrookkp@berkeley.edu,Female,Kassel,DE
747,Rosemonde,Chetwin,rchetwinkq@prweb.com,,Ludwigshafen am Rhein,DE
748,Margalo,Copnall,mcopnallkr@seattletimes.com,Female,Nossa Senhora de Machede,PT
749,Rodie,Merriment,rmerrimentks@china.com.cn,Female,Massy,FR
750,Paolo,Obal,pobalkt@bbb.org,,,
751,Freedman,Kaplin,fkaplinku@kickstarter.com,Male,,
752,Cherry,Pinshon,cpinshonkv@mozilla.org,Female,Saint-Quentin,FR
753,Maxie,Rabidge,mrabidgekw@tamu.edu,Male,Redinha,PT
754,Ivette,Issacov,iissacovkx@sbwire.com,Female,Alcorriol,PT
755,Matthiew,Redford,mredfordky@usatoday.com,Male,Villeneuve-la-Garenne,FR
756,Neale,Aymer,naymerkz@tumblr.com,Male,Nordeste,PT
757,Lindsy,Capner,lcapnerl0@who.int,Female,Grenoble,FR
758,Agnese,Grief,agriefl1@posterous.com,Female,,
759,Lonee,Linny,llinnyl2@blogspot.com,Female,Reggio Calabria,IT
760,Zacharie,Gussie,zgussiel3@yandex.ru,Male,Albertville,FR
761,Idell,Staunton,istauntonl4@lycos.com,Female,,
762,Seward,Spurier,sspurierl5@fc2.com,Male,,
763,Richmound,Luparto,rlupartol6@gmpg.org,Male,Calhetas,PT
764,Aron,Rozanski,arozanskil7@scribd.com,Male,Dammarie-les-Lys,FR
765,Milzie,Eglaise,meglaisel8@nydailynews.com,,Créteil,FR
766,Hobie,Dealtry,hdealtryl9@time.com,Male,,
767,Dimitri,Franke,dfrankela@toplist.cz,Male,,
768,Rubin,Beamson,rbeamsonlb@imdb.com,Male,,
769,Ginni,Reeder,greederlc@businessinsider.com,Female,Villefranche-sur-Saône,FR
770,Andeee,Stone,astoneld@businesswire.com,Female,Vitry-sur-Seine,FR
771,Tatum,Dell Casa,tdellcasale@cbslocal.com,Female,Abuxarda,PT
772,Florentia,Hopkyns,fhopkynslf@huffingtonpost.com,Female,Rennes,FR
773,Borg,Pitkeathley,bpitkeathleylg@discovery.com,Male,Negreiros,PT
774,Zonda,Poel,zpoellh@umn.edu,Female,Cotovia,PT
775,Shannon,Kither,skitherli@dot.gov,Female,Vidago,PT
776,Mace,Lewzey,mlewzeylj@prweb.com,Male,Cambrai,FR
777,Demetra,Wimbush,dwimbushlk@netvibes.com,Female,,
778,Meg,Aucock,maucockll@amazon.de,Female,Agen,FR
779,Chandler,Ryding,crydinglm@senate.gov,Male,Leipzig,DE
780,Haroun,Spurrett,hspurrettln@virginia.edu,Male,,
781,Brooks,Blasgen,bblasgenlo@huffingtonpost.com,Female,Grenoble,FR
782,Erick,Kettow,ekettowlp@live.com,Male,Köln,DE
783,Raddie,Nudde,rnuddelq@webmd.com,Male,Cournon-d'Auvergne,FR
784,Alaine,MacConnechie,amacconnechielr@mail.ru,Female,,
785,Mallory,Antoniutti,mantoniuttils@prweb.com,Female,Firenze,IT
786,Jewelle,Warn,jwarnlt@theatlantic.com,Female,Saint-Chamond,FR
787,Rozella,Simonite,rsimonitelu@webeden.co.uk,Female,,
788,Jay,Gritsunov,jgritsunovlv@adobe.com,Male,,
789,Nicko,Corson,ncorsonlw@google.com.au,Male,Longjumeau,FR
790,Isadora,Roskelley,iroskelleylx@ucla.edu,Female,,
791,Cherice,Cockcroft,ccockcroftly@zdnet.com,Female,Ladário,PT
792,George,Awcock,gawcocklz@hc360.com,,,
793,Barbette,Earie,beariem0@guardian.co.uk,Female,,
794,Cherry,Allsworth,callsworthm1@naver.com,Female,,
795,Shirline,Jesper,sjesperm2@networkadvertising.org,Female,Labège,FR
796,Toddie,Roney,troneym3@foxnews.com,Male,,
797,Emili,Mynard,emynardm4@timesonline.co.uk,Female,Berlin,DE
798,Elladine,Bussons,ebussonsm5@ftc.gov,Female,Salon-de-Provence,FR
799,Thia,Fallawe,tfallawem6@xinhuanet.com,Female,Sheffield,GB
800,Donn,Rathborne,drathbornem7@flickr.com,Male,Fornos de Algodres,PT
801,Geoff,Caris,gcarism8@webs.com,Male,Strasbourg,FR
802,Burr,Itzhaiek,bitzhaiekm9@biglobe.ne.jp,Male,,
803,Melisenda,McGorman,mmcgormanma@pbs.org,Female,Le Mans,FR
804,Johan,Hotson,jhotsonmb@technorati.com,Male,Marignane,FR
805,Hubie,Williams,hwilliamsmc@economist.com,Male,,
806,Ira,Morman,imormanmd@odnoklassniki.ru,,,
807,Gill,Bound,gboundme@123-reg.co.uk,Female,Casal de São João,PT
808,Sharona,Manifould,smanifouldmf@sun.com,,Toulouse,FR
809,Eloisa,Binton,ebintonmg@aboutads.info,,Madrid,ES
810,Ardelia,Mintoft,amintoftmh@mail.ru,,,
811,Berton,Cudworth,bcudworthmi@time.com,,,
812,Lon,Fransseni,lfranssenimj@indiegogo.com,Male,Azeitão,PT
813,Wes,Payne,wpaynemk@a8.net,Male,A dos Negros,PT
814,Jena,Piddlehinton,jpiddlehintonml@nationalgeographic.com,Female,Abade de Vermoim,PT
815,Maddie,Prati,mpratimm@tumblr.com,Male,,
816,Giffy,Becerro,gbecerromn@blogs.com,Male,Rouen,FR
817,Emma,Kurton,ekurtonmo@woothemes.com,Female,Tentúgal,PT
818,Renee,Betje,rbetjemp@slideshare.net,Female,Eirado,PT
819,Jamill,Burgis,jburgismq@networkadvertising.org,,,
820,Sonia,Goudard,sgoudardmr@plala.or.jp,Female,Church End,GB
821,Sayre,Pencost,spencostms@sbwire.com,Male,Biscoitos,PT
822,Gerry,Walder,gwaldermt@nytimes.com,Male,Entradas,PT
823,Dianna,Battaille,dbattaillemu@phpbb.com,Female,Mannheim,DE
824,Aldon,Surgison,asurgisonmv@studiopress.com,Male,,
825,Bettine,Dimock,bdimockmw@discovery.com,,Castelo,PT
826,Henryetta,Point,hpointmx@lulu.com,Female,,
827,Elle,Foulkes,efoulkesmy@nyu.edu,,,
828,Evelin,Goble,egoblemz@scientificamerican.com,Male,Gouveia,PT
829,Elysha,Coghlin,ecoghlinn0@desdev.cn,Female,,
830,Scot,Dibben,sdibbenn1@discovery.com,Male,Cergy-Pontoise,FR
831,Madlin,Girardengo,mgirardengon2@surveymonkey.com,Female,,
832,Pen,Wallicker,pwallickern3@plala.or.jp,Female,,
833,Kinna,Meenehan,kmeenehann4@toplist.cz,,Vila Velha de Ródão,PT
834,Iggie,Neligan,ineligann5@skype.com,Male,Hannover,DE
835,Gerladina,Priestland,gpriestlandn6@marriott.com,Female,,
836,Joell,Hayto,jhayton7@instagram.com,Female,Saumur,FR
837,Linoel,Smallwood,lsmallwoodn8@disqus.com,Male,Paris 11,FR
838,Spencer,Lawty,slawtyn9@networkadvertising.org,Male,Villeneuve-sur-Lot,FR
839,Denis,Brogan,dbroganna@npr.org,Male,,
840,Mora,Chichgar,mchichgarnb@devhub.com,Female,Lyon,FR
841,Rutter,Sturror,rsturrornc@live.com,Male,,
842,Tull,Brockbank,tbrockbanknd@vimeo.com,Male,Cergy-Pontoise,FR
843,Merry,Eaves,meavesne@altervista.org,,Portet-sur-Garonne,FR
844,Myrtice,McIlriach,mmcilriachnf@delicious.com,Female,Aix-en-Provence,FR
845,Bernhard,Disley,bdisleyng@symantec.com,,Berlin,DE
846,Decca,Le Brun,dlebrunnh@theglobeandmail.com,Male,Élancourt,FR
847,Gabi,Brookshaw,gbrookshawni@purevolume.com,Male,Trieste,IT
848,Adelina,Edens,aedensnj@fastcompany.com,Female,Bergamo,IT
849,Allis,Puttnam,aputtnamnk@boston.com,Female,,
850,Emiline,Ronchetti,eronchettinl@engadget.com,,Berlin,DE
851,Lanie,Grimsdell,lgrimsdellnm@mashable.com,Male,Casal,PT
852,Nickolaus,Lloyd,nlloydnn@naver.com,Male,Sarzedo,PT
853,Adriane,Sprason,asprasonno@macromedia.com,Female,,
854,Johnna,Bogue,jboguenp@ameblo.jp,Female,Augsburg,DE
855,Angelico,Wrefford,awreffordnq@loc.gov,Male,Sampaio,PT
856,Estell,McKiernan,emckiernannr@addtoany.com,Female,Outeiro de Polima,PT
857,Felicdad,Laidel,flaidelns@walmart.com,,Wootton,GB
858,Galven,Dunderdale,gdunderdalent@pinterest.com,Male,Afonsoeiro,PT
859,Clint,Lafontaine,clafontainenu@plala.or.jp,Male,Setúbal,PT
860,Dody,Hulme,dhulmenv@buzzfeed.com,Female,Beja,PT
861,Bendite,Hatherell,bhatherellnw@independent.co.uk,Female,Marseille,FR
862,Shayne,Coyett,scoyettnx@hhs.gov,Male,Bressuire,FR
863,Cleve,Martynka,cmartynkany@meetup.com,Male,Paris 13,FR
864,Elmo,Yurkevich,eyurkevichnz@nytimes.com,,,
865,Maudie,Fiddeman,mfiddemano0@google.nl,Female,Proença-a-Nova,PT
866,Dorelle,Mulrenan,dmulrenano1@simplemachines.org,Female,Calais,FR
867,Anthiathia,Snead,asneado2@netvibes.com,Female,,
868,Nissa,Sindall,nsindallo3@pagesperso-orange.fr,Female,Montreuil,FR
869,Elliott,Gosforth,egosfortho4@creativecommons.org,Male,,
870,Lindsey,Hinkes,lhinkeso5@cisco.com,Female,Picoto,PT
871,Esra,Etuck,eetucko6@blogspot.com,Male,Castanheiro do Sul,PT
872,Melesa,Garthside,mgarthsideo7@indiatimes.com,Female,,
873,Umberto,Davidge,udavidgeo8@psu.edu,,Lyon,FR
874,Silvan,Klimuk,sklimuko9@earthlink.net,Male,Palhais,PT
875,Cherry,Cawse,ccawseoa@ameblo.jp,Female,Paris 10,FR
876,Leela,Labden,llabdenob@friendfeed.com,Female,Brest,FR
877,Alberta,Templar,atemplaroc@t.co,Female,,
878,Jenda,Bugden,jbugdenod@reddit.com,Female,,
879,Madelon,Raymont,mraymontoe@eventbrite.com,Female,Grenoble,FR
880,Eran,Mugford,emugfordof@blinklist.com,Female,Prainha de Baixo,PT
881,Arnuad,Crother,acrotherog@scientificamerican.com,Male,Futuroscope,FR
882,Erica,Mapples,emapplesoh@sphinn.com,Female,,
883,Jerry,Minico,jminicooi@arstechnica.com,,Montalvão,PT
884,Bucky,Goldsworthy,bgoldsworthyoj@dropbox.com,Male,Mougins,FR
885,Sander,Gumm,sgummok@bravesites.com,Male,Paris 06,FR
886,Vilma,Bussetti,vbussettiol@ovh.net,Female,Avanca,PT
887,Chrissie,Dovinson,cdovinsonom@statcounter.com,Female,Orly aérogare,FR
888,Benetta,Leese,bleeseon@com.com,Female,,
889,Allys,Gentsch,agentschoo@miibeian.gov.cn,Female,Compiègne,FR
890,Veradis,June,vjuneop@liveinternet.ru,Female,,
891,Suzanna,Pawlata,spawlataoq@abc.net.au,Female,,
892,Anita,Phillps,aphillpsor@google.com,Female,,
893,Hilarius,Tearney,htearneyos@blogs.com,Male,,
894,Benson,Sillwood,bsillwoodot@hatena.ne.jp,Male,"Hospitalet De Llobregat, L'",ES
895,Ruggiero,Cooley,rcooleyou@youku.com,Male,Mértola,PT
896,Theodora,Kinghorne,tkinghorneov@si.edu,Female,Azurva,PT
897,Brandy,Cribbott,bcribbottow@prlog.org,Male,Lons-le-Saunier,FR
898,Tatum,Tufts,ttuftsox@soup.io,Female,Sevilla,ES
899,Thomas,Koppelmann,tkoppelmannoy@elpais.com,,,
900,Renata,Ofer,roferoz@loc.gov,Female,,
901,Lind,Chawner,lchawnerp0@bizjournals.com,Female,,
902,Lovell,Leask,lleaskp1@dailymail.co.uk,Male,Le Havre,FR
903,Vinita,Bing,vbingp2@homestead.com,Female,Whitchurch,GB
904,Zolly,Raysdale,zraysdalep3@ameblo.jp,Male,Taverny,FR
905,Guilbert,Hedman,ghedmanp4@360.cn,Male,Corticeiro de Baixo,PT
906,Abigale,Vose,avosep5@skyrock.com,Female,,
907,Tawsha,Boriston,tboristonp6@free.fr,Female,Colombes,FR
908,Gibbie,Diben,gdibenp7@europa.eu,Male,,
909,Phillipp,Fassam,pfassamp8@cmu.edu,,Amorim,PT
910,Herschel,Gillian,hgillianp9@elpais.com,Male,Pereiras,PT
911,Johannah,China,jchinapa@tumblr.com,Female,,
912,Stephen,Maren,smarenpb@addthis.com,Male,,
913,Melodee,Flaxon,mflaxonpc@instagram.com,Female,Le Mans,FR
914,Franklin,Egdell,fegdellpd@timesonline.co.uk,Male,Vigo,ES
915,Ina,Beckford,ibeckfordpe@networksolutions.com,Female,,
916,Adelina,Burdin,aburdinpf@bloglines.com,Female,,
917,Sanderson,Collingdon,scollingdonpg@oakley.com,Male,,
918,Drusy,Kirton,dkirtonph@delicious.com,,,
919,Ciel,Laddle,claddlepi@over-blog.com,Female,Grenoble,FR
920,Tailor,Borrell,tborrellpj@symantec.com,Male,Chambray-lès-Tours,FR
921,Riane,Bartrop,rbartroppk@wikimedia.org,Female,Vila Chã,PT
922,Regan,MacGillreich,rmacgillreichpl@cbslocal.com,Female,Neuilly-sur-Marne,FR
923,Shadow,Colleer,scolleerpm@dropbox.com,,,
924,Greggory,Boughen,gboughenpn@com.com,Male,,
925,Kalindi,Trevena,ktrevenapo@gov.uk,Female,Le Blanc-Mesnil,FR
926,Ingaberg,Clavering,iclaveringpp@eventbrite.com,Female,Martigues,FR
927,Kare,Vise,kvisepq@ocn.ne.jp,Female,Candelária,PT
928,Reena,Dummer,rdummerpr@chicagotribune.com,Female,Firminy,FR
929,Munmro,Burnhard,mburnhardps@trellian.com,Male,Póvoa,PT
930,Gabriela,Woloschin,gwoloschinpt@weebly.com,,Fresnes,FR
931,Rhianna,Cowhig,rcowhigpu@answers.com,Female,Corbeil-Essonnes,FR
932,Skyler,Robinson,srobinsonpv@infoseek.co.jp,Male,Sélestat,FR
933,Gaven,Akess,gakesspw@upenn.edu,,,
934,Idaline,Sidry,isidrypx@ycombinator.com,Female,Quintã,PT
935,Benn,Orans,boranspy@china.com.cn,Male,Sangalhos,PT
936,Basilio,Ashall,bashallpz@ftc.gov,Male,Belas,PT
937,Ingmar,Pavolini,ipavoliniq0@seattletimes.com,Male,Mujães,PT
938,Hildagarde,McCaw,hmccawq1@feedburner.com,Female,Hendaye,FR
939,Wenonah,Suddell,wsuddellq2@census.gov,,,
940,Colet,Sparkes,csparkesq3@quantcast.com,Male,,
941,Bertrando,Reckus,breckusq4@ebay.com,Male,,
942,Elena,Greenrde,egreenrdeq5@xinhuanet.com,Female,Vila Moreira,PT
943,Gale,Yarnton,gyarntonq6@cmu.edu,Male,Pau,FR
944,Valentia,Fairley,vfairleyq7@studiopress.com,Female,,
945,Loutitia,Walthew,lwalthewq8@hc360.com,Female,,
946,Modesty,Lillee,mlilleeq9@spiegel.de,,Sangalhos,PT
947,Cody,Kornacki,ckornackiqa@imgur.com,Female,Tabuaço,PT
948,Adham,Lett,alettqb@constantcontact.com,Male,Picassinos,PT
949,Birch,Slaght,bslaghtqc@elegantthemes.com,Male,Lille,FR
950,Georas,Gyford,ggyfordqd@acquirethisname.com,Male,Dortmund,DE
951,Nickey,Smithson,nsmithsonqe@europa.eu,Male,Pedra Furada,PT
952,Magdalene,Stollberger,mstollbergerqf@mozilla.org,Female,Sainte-Luce-sur-Loire,FR
953,Fairleigh,Camacke,fcamackeqg@tuttocitta.it,Male,Chennevières-sur-Marne,FR
954,Leigha,Queenborough,lqueenboroughqh@vistaprint.com,,São Miguel de Machede,PT
955,Lizabeth,Giacovazzo,lgiacovazzoqi@nih.gov,Female,Voiron,FR
956,Jacqueline,Baulch,jbaulchqj@yahoo.com,Female,,
957,Sylas,Gibby,sgibbyqk@de.vu,Male,Bobigny,FR
958,Borg,Kapelhoff,bkapelhoffql@wp.com,Male,,
959,Aguste,Maidens,amaidensqm@drupal.org,Male,Le Mans,FR
960,Floria,Cotmore,fcotmoreqn@ow.ly,Female,Hannover,DE
961,Melly,Grabb,mgrabbqo@dmoz.org,Female,Mitry-Mory,FR
962,Beverie,Sleite,bsleiteqp@scientificamerican.com,Female,Algarvia,PT
963,Lesley,Perryn,lperrynqq@angelfire.com,Male,Montfort-sur-Meu,FR
964,Elfrida,Donovan,edonovanqr@narod.ru,Female,Escola,PT
965,Reine,Marwood,rmarwoodqs@examiner.com,Female,Périgny,FR
966,Louise,Wyper,lwyperqt@princeton.edu,Female,Cergy-Pontoise,FR
967,Christiano,Dallicoat,cdallicoatqu@pbs.org,Male,Atalaia,PT
968,Elysha,McBeth,emcbethqv@wiley.com,,Ourozinho,PT
969,Berk,Carlaw,bcarlawqw@slideshare.net,Male,Caen,FR
970,Lezley,Vickress,lvickressqx@hostgator.com,Male,,
971,Isak,McCurley,imccurleyqy@addtoany.com,Male,Palma De Mallorca,ES
972,Selestina,Valente,svalenteqz@hostgator.com,Female,Arrentela,PT
973,Ned,Bollam,nbollamr0@furl.net,Male,,
974,Feliza,Ventham,fventhamr1@salon.com,,Barbudo,PT
975,Kariotta,Ricioppo,kricioppor2@howstuffworks.com,Female,Quarteira,PT
976,Gabriellia,Carus,gcarusr3@livejournal.com,Female,Ferreira do Zêzere,PT
977,Dimitri,Jayume,djayumer4@photobucket.com,Male,,
978,Adrian,Demetr,ademetrr5@mapy.cz,Female,Pomar,PT
979,Ronnica,Aveyard,raveyardr6@purevolume.com,Female,Lagoa,PT
980,Elmore,Bletso,ebletsor7@amazonaws.com,Male,Foz Giraldo,PT
981,Tremaine,Blazek,tblazekr8@cpanel.net,Male,Tassin-la-Demi-Lune,FR
982,Verene,Johansson,vjohanssonr9@google.es,Female,Pentre,GB
983,Townsend,Cardenosa,tcardenosara@i2i.jp,Male,Escola,PT
984,Raimondo,Bowskill,rbowskillrb@wordpress.org,Male,Strasbourg,FR
985,Nelia,Ruddock,nruddockrc@shop-pro.jp,Female,Figueira,PT
986,Shelden,Childrens,schildrensrd@studiopress.com,Male,,
987,Perceval,Janzen,pjanzenre@oakley.com,Male,Besançon,FR
988,Calley,Eatock,ceatockrf@cdbaby.com,Female,Valongo,PT
989,Bronson,Hanshaw,bhanshawrg@icq.com,Male,Dois Portos,PT
990,Karee,Swainson,kswainsonrh@upenn.edu,Female,Tours,FR
991,Rich,Sargison,rsargisonri@list-manage.com,Male,Saint-Denis,FR
992,Elissa,Ragate,eragaterj@constantcontact.com,Female,,
993,Malena,Tinsey,mtinseyrk@1688.com,Female,Praia do Ribatejo,PT
994,Lindy,Dobbison,ldobbisonrl@google.de,Female,Agen,FR
995,Kip,Karolczyk,kkarolczykrm@livejournal.com,Male,Vila,PT
996,Mercedes,Zanutti,mzanuttirn@deliciousdays.com,Female,,
997,Aubry,Drowsfield,adrowsfieldro@woothemes.com,Female,,
998,Jorgan,Cecere,jcecererp@hubpages.com,Male,,
999,Kati,Jennrich,kjennrichrq@hibu.com,Female,Duas Igrejas,PT
1000,Skell,Clowney,sclowneyrr@instagram.com,Male,,
